[
  "/cities/halifax.html",
  "/cities/vancouver.html",
  "/cities/toronto.html",
  "/cities/ottawa.html",
  "/cities/montreal.html",
  "/cities/calgary.html",
  "/cities/winnipeg.html",
  "/cities/quebec-city.html",
  "/cities/san-diego.html",
  "/cities/miami.html",
  "/cities/edmonton.html",
  "/cities/boston.html",
  "/cities/los-angeles.html",
  "/cities/orlando.html",
  "/cities/boise.html",
  "/cities/tampa.html",
  "/cities/atlanta.html",
  "/cities/new-york-city.html",
  "/cities/washington-dc.html"
]